account,symbol,type,time,qty,avg_cost,buy_pwr
1,TSLA,stock,2022-12-25 12:46:10,81,16.2,400
2,TSLA,stock,2022-12-25 12:46:10,31,5.9,400
1,BTC/USD,crypto,2022-12-25 12:46:10,97,19.4,400
2,BTC/USD,crypto,2022-12-25 12:46:10,50,29,400
1,DOGE/USD,crypto,2022-12-25 12:46:10,38,73.3,400
2,DOGE/USD,crypto,2022-12-25 12:46:10,37,57.8,400
1,AAPL,stock,2022-12-26 12:46:10,19,87.7,400
2,AAPL,stock,2022-12-26 12:46:10,32,62.3,400
1,GOOGL,stock,2022-12-26 12:46:10,64,13.3,400
2,GOOGL,stock,2022-12-26 12:46:10,4,36.6,400
1,TSLA,stock,2022-12-26 12:46:10,38,75.1,400
2,TSLA,stock,2022-12-26 12:46:10,42,90.8,400
1,BTC/USD,crypto,2022-12-26 12:46:10,19,61.7,400
2,BTC/USD,crypto,2022-12-26 12:46:10,92,90.1,400
1,DOGE/USD,crypto,2022-12-26 12:46:10,54,12,400
2,DOGE/USD,crypto,2022-12-26 12:46:10,64,95.2,400
1,AAPL,stock,2022-12-27 12:46:10,62,9.3,400
2,AAPL,stock,2022-12-27 12:46:10,37,2.6,400
1,GOOGL,stock,2022-12-27 12:46:10,80,65.5,400
2,GOOGL,stock,2022-12-27 12:46:10,52,58.1,400
1,TSLA,stock,2022-12-27 12:46:10,72,31.5,400
2,TSLA,stock,2022-12-27 12:46:10,55,65.7,400
1,BTC/USD,crypto,2022-12-27 12:46:10,18,74.2,400
2,BTC/USD,crypto,2022-12-27 12:46:10,80,46.6,400
1,DOGE/USD,crypto,2022-12-27 12:46:10,92,51.8,400
2,DOGE/USD,crypto,2022-12-27 12:46:10,26,15.1,400
1,AAPL,stock,2022-12-28 12:46:10,99,53.9,400
2,AAPL,stock,2022-12-28 12:46:10,37,0.8,400
1,GOOGL,stock,2022-12-28 12:46:10,17,33.1,400
2,GOOGL,stock,2022-12-28 12:46:10,68,16.4,400
1,TSLA,stock,2022-12-28 12:46:10,25,72.2,400
2,TSLA,stock,2022-12-28 12:46:10,95,1.6,400
1,BTC/USD,crypto,2022-12-28 12:46:10,6,37.2,400
2,BTC/USD,crypto,2022-12-28 12:46:10,24,74.8,400
1,DOGE/USD,crypto,2022-12-28 12:46:10,82,89.3,400
2,DOGE/USD,crypto,2022-12-28 12:46:10,53,1.3,400
1,AAPL,stock,2022-12-29 12:46:10,34,42,400
2,AAPL,stock,2022-12-29 12:46:10,49,33.1,400
1,GOOGL,stock,2022-12-29 12:46:10,5,36.1,400
2,GOOGL,stock,2022-12-29 12:46:10,16,87.9,400
1,TSLA,stock,2022-12-29 12:46:10,66,7.8,400
2,TSLA,stock,2022-12-29 12:46:10,81,9.2,400
1,BTC/USD,crypto,2022-12-29 12:46:10,9,45.9,400
2,BTC/USD,crypto,2022-12-29 12:46:10,52,94.5,400
1,DOGE/USD,crypto,2022-12-29 12:46:10,44,67.8,400
2,DOGE/USD,crypto,2022-12-29 12:46:10,67,22.9,400
1,AAPL,stock,2022-12-30 12:46:10,57,22.1,400
2,AAPL,stock,2022-12-30 12:46:10,13,16,400
1,GOOGL,stock,2022-12-30 12:46:10,5,60.2,400
2,GOOGL,stock,2022-12-30 12:46:10,97,31.4,400
1,TSLA,stock,2022-12-30 12:46:10,48,40.4,400
2,TSLA,stock,2022-12-30 12:46:10,5,56.7,400
1,BTC/USD,crypto,2022-12-30 12:46:10,51,34,400
2,BTC/USD,crypto,2022-12-30 12:46:10,41,33.5,400
1,DOGE/USD,crypto,2022-12-30 12:46:10,47,23.4,400
2,DOGE/USD,crypto,2022-12-30 12:46:10,84,34.8,400
1,AAPL,stock,2022-12-31 12:46:10,29,55.4,400
2,AAPL,stock,2022-12-31 12:46:10,54,16,400
1,GOOGL,stock,2022-12-31 12:46:10,66,31.4,400
2,GOOGL,stock,2022-12-31 12:46:10,86,70.3,400
1,TSLA,stock,2022-12-31 12:46:10,95,77.9,400
2,TSLA,stock,2022-12-31 12:46:10,94,75.9,400
1,BTC/USD,crypto,2022-12-31 12:46:10,97,77.1,400
2,BTC/USD,crypto,2022-12-31 12:46:10,32,80.5,400
1,DOGE/USD,crypto,2022-12-31 12:46:10,38,23.6,400
2,DOGE/USD,crypto,2022-12-31 12:46:10,22,1.3,400
1,AAPL,stock,2023-01-01 12:46:10,70,35.3,400
2,AAPL,stock,2023-01-01 12:46:10,9,93.4,400
1,GOOGL,stock,2023-01-01 12:46:10,57,84.1,400
2,GOOGL,stock,2023-01-01 12:46:10,53,62.9,400
1,TSLA,stock,2023-01-01 12:46:10,100,18.2,400
2,TSLA,stock,2023-01-01 12:46:10,21,84.5,400
1,BTC/USD,crypto,2023-01-01 12:46:10,98,42.2,400
2,BTC/USD,crypto,2023-01-01 12:46:10,6,70.6,400
1,DOGE/USD,crypto,2023-01-01 12:46:10,100,92.5,400
2,DOGE/USD,crypto,2023-01-01 12:46:10,22,17.5,400
1,AAPL,stock,2023-01-02 12:46:10,45,86.6,400
2,AAPL,stock,2023-01-02 12:46:10,35,76.6,400
1,GOOGL,stock,2023-01-02 12:46:10,10,79.2,400
2,GOOGL,stock,2023-01-02 12:46:10,53,12.1,400
1,TSLA,stock,2023-01-02 12:46:10,47,58.8,400
2,TSLA,stock,2023-01-02 12:46:10,57,77.6,400
1,BTC/USD,crypto,2023-01-02 12:46:10,55,8.1,400
2,BTC/USD,crypto,2023-01-02 12:46:10,94,74.2,400
1,DOGE/USD,crypto,2023-01-02 12:46:10,74,28.8,400
2,DOGE/USD,crypto,2023-01-02 12:46:10,45,21.1,400
1,AAPL,stock,2023-01-03 12:46:10,84,94.4,400
2,AAPL,stock,2023-01-03 12:46:10,62,62,400
1,GOOGL,stock,2023-01-03 12:46:10,86,43.3,400
2,GOOGL,stock,2023-01-03 12:46:10,15,0.7,400
1,TSLA,stock,2023-01-03 12:46:10,98,24.1,400
2,TSLA,stock,2023-01-03 12:46:10,51,93.9,400
1,BTC/USD,crypto,2023-01-03 12:46:10,18,78,400
2,BTC/USD,crypto,2023-01-03 12:46:10,57,11.3,400
1,DOGE/USD,crypto,2023-01-03 12:46:10,7,70,400
2,DOGE/USD,crypto,2023-01-03 12:46:10,45,46.5,400
1,AAPL,stock,2023-01-04 12:46:10,83,68.7,400
2,AAPL,stock,2023-01-04 12:46:10,29,37.2,400
1,GOOGL,stock,2023-01-04 12:46:10,49,27,400
2,GOOGL,stock,2023-01-04 12:46:10,96,50.4,400
1,TSLA,stock,2023-01-04 12:46:10,10,25.3,400
2,TSLA,stock,2023-01-04 12:46:10,83,11.4,400
1,BTC/USD,crypto,2023-01-04 12:46:10,64,45.9,400
2,BTC/USD,crypto,2023-01-04 12:46:10,5,10.9,400
1,DOGE/USD,crypto,2023-01-04 12:46:10,90,13.4,400
2,DOGE/USD,crypto,2023-01-04 12:46:10,18,71.1,400
1,AAPL,stock,2023-01-05 12:46:10,32,79.4,400
2,AAPL,stock,2023-01-05 12:46:10,32,63,400
1,GOOGL,stock,2023-01-05 12:46:10,55,80.7,400
2,GOOGL,stock,2023-01-05 12:46:10,15,44.7,400
1,TSLA,stock,2023-01-05 12:46:10,83,77.7,400
2,TSLA,stock,2023-01-05 12:46:10,16,23.3,400
1,BTC/USD,crypto,2023-01-05 12:46:10,27,15.6,400
2,BTC/USD,crypto,2023-01-05 12:46:10,5,15.3,400
1,DOGE/USD,crypto,2023-01-05 12:46:10,91,89.4,400
2,DOGE/USD,crypto,2023-01-05 12:46:10,73,21.8,400
1,AAPL,stock,2023-01-06 12:46:10,46,50.8,400
2,AAPL,stock,2023-01-06 12:46:10,98,91.5,400
1,GOOGL,stock,2023-01-06 12:46:10,83,58.6,400
2,GOOGL,stock,2023-01-06 12:46:10,78,75.2,400
1,TSLA,stock,2023-01-06 12:46:10,49,71.4,400
2,TSLA,stock,2023-01-06 12:46:10,22,99.1,400
1,BTC/USD,crypto,2023-01-06 12:46:10,65,31.9,400
2,BTC/USD,crypto,2023-01-06 12:46:10,54,14.5,400
1,DOGE/USD,crypto,2023-01-06 12:46:10,67,83.4,400
2,DOGE/USD,crypto,2023-01-06 12:46:10,79,78.9,400
1,AAPL,stock,2023-01-07 12:46:10,78,49,400
2,AAPL,stock,2023-01-07 12:46:10,68,90.9,400
1,GOOGL,stock,2023-01-07 12:46:10,2,62.5,400
2,GOOGL,stock,2023-01-07 12:46:10,82,18.6,400
1,TSLA,stock,2023-01-07 12:46:10,19,67.1,400
2,TSLA,stock,2023-01-07 12:46:10,10,28.5,400
1,BTC/USD,crypto,2023-01-07 12:46:10,46,75.6,400
2,BTC/USD,crypto,2023-01-07 12:46:10,40,76.7,400
1,DOGE/USD,crypto,2023-01-07 12:46:10,10,92.6,400
2,DOGE/USD,crypto,2023-01-07 12:46:10,78,25.8,400
1,AAPL,stock,2023-01-08 12:46:10,95,5.4,400
2,AAPL,stock,2023-01-08 12:46:10,9,2.1,400
1,GOOGL,stock,2023-01-08 12:46:10,39,86.6,400
2,GOOGL,stock,2023-01-08 12:46:10,56,18.2,400
1,TSLA,stock,2023-01-08 12:46:10,15,27.5,400
2,TSLA,stock,2023-01-08 12:46:10,47,26.3,400
1,BTC/USD,crypto,2023-01-08 12:46:10,39,33.3,400
2,BTC/USD,crypto,2023-01-08 12:46:10,15,86.7,400
1,DOGE/USD,crypto,2023-01-08 12:46:10,100,54.2,400
2,DOGE/USD,crypto,2023-01-08 12:46:10,86,22.7,400
1,AAPL,stock,2023-01-09 12:46:10,81,14.7,400
2,AAPL,stock,2023-01-09 12:46:10,91,31.1,400
1,GOOGL,stock,2023-01-09 12:46:10,12,98.2,400
2,GOOGL,stock,2023-01-09 12:46:10,85,88.9,400
1,TSLA,stock,2023-01-09 12:46:10,18,32.8,400
2,TSLA,stock,2023-01-09 12:46:10,70,35.8,400
1,BTC/USD,crypto,2023-01-09 12:46:10,93,0.1,400
2,BTC/USD,crypto,2023-01-09 12:46:10,19,87.3,400
1,DOGE/USD,crypto,2023-01-09 12:46:10,72,13.9,400
2,DOGE/USD,crypto,2023-01-09 12:46:10,68,6.7,400
1,AAPL,stock,2023-01-10 12:46:10,28,81.6,400
2,AAPL,stock,2023-01-10 12:46:10,55,13.4,400
1,GOOGL,stock,2023-01-10 12:46:10,39,65.1,400
2,GOOGL,stock,2023-01-10 12:46:10,72,68.9,400
1,TSLA,stock,2023-01-10 12:46:10,95,68.5,400
2,TSLA,stock,2023-01-10 12:46:10,14,98.8,400
1,BTC/USD,crypto,2023-01-10 12:46:10,6,85.8,400
2,BTC/USD,crypto,2023-01-10 12:46:10,39,63.4,400
1,DOGE/USD,crypto,2023-01-10 12:46:10,28,99,400
2,DOGE/USD,crypto,2023-01-10 12:46:10,99,32,400
1,AAPL,stock,2023-01-11 12:46:10,84,77.5,400
2,AAPL,stock,2023-01-11 12:46:10,38,58.9,400
1,GOOGL,stock,2023-01-11 12:46:10,46,63.3,400
2,GOOGL,stock,2023-01-11 12:46:10,44,71.9,400
1,TSLA,stock,2023-01-11 12:46:10,91,1,400
2,TSLA,stock,2023-01-11 12:46:10,49,94.1,400
1,BTC/USD,crypto,2023-01-11 12:46:10,20,8.9,400
2,BTC/USD,crypto,2023-01-11 12:46:10,19,27,400
1,DOGE/USD,crypto,2023-01-11 12:46:10,27,47.3,400
2,DOGE/USD,crypto,2023-01-11 12:46:10,62,60.4,400
1,AAPL,stock,2023-01-12 12:46:10,79,9.2,400
2,AAPL,stock,2023-01-12 12:46:10,25,57.3,400
1,GOOGL,stock,2023-01-12 12:46:10,97,17.4,400
2,GOOGL,stock,2023-01-12 12:46:10,21,26.7,400
1,TSLA,stock,2023-01-12 12:46:10,15,74.7,400
2,TSLA,stock,2023-01-12 12:46:10,96,91.9,400
1,BTC/USD,crypto,2023-01-12 12:46:10,10,25.4,400
2,BTC/USD,crypto,2023-01-12 12:46:10,34,54.1,400
1,DOGE/USD,crypto,2023-01-12 12:46:10,67,2.3,400
2,DOGE/USD,crypto,2023-01-12 12:46:10,75,94.2,400
1,AAPL,stock,2023-01-13 12:46:10,97,36.5,400
2,AAPL,stock,2023-01-13 12:46:10,21,91.3,400
1,GOOGL,stock,2023-01-13 12:46:10,86,1.2,400
2,GOOGL,stock,2023-01-13 12:46:10,30,85.8,400
1,TSLA,stock,2023-01-13 12:46:10,70,9.9,400
2,TSLA,stock,2023-01-13 12:46:10,38,76.3,400
1,BTC/USD,crypto,2023-01-13 12:46:10,25,98.3,400
2,BTC/USD,crypto,2023-01-13 12:46:10,49,30,400
1,DOGE/USD,crypto,2023-01-13 12:46:10,88,39.5,400
2,DOGE/USD,crypto,2023-01-13 12:46:10,48,67.9,400
1,AAPL,stock,2023-01-14 12:46:10,23,70.5,400
2,AAPL,stock,2023-01-14 12:46:10,46,44.4,400
1,GOOGL,stock,2023-01-14 12:46:10,59,1.1,400
2,GOOGL,stock,2023-01-14 12:46:10,5,87.6,400
1,TSLA,stock,2023-01-14 12:46:10,90,99,400
2,TSLA,stock,2023-01-14 12:46:10,98,1.6,400
1,BTC/USD,crypto,2023-01-14 12:46:10,72,16.2,400
2,BTC/USD,crypto,2023-01-14 12:46:10,32,86.4,400
1,DOGE/USD,crypto,2023-01-14 12:46:10,56,4.9,400
2,DOGE/USD,crypto,2023-01-14 12:46:10,99,11.5,400
1,AAPL,stock,2023-01-15 12:46:10,79,52.8,400
2,AAPL,stock,2023-01-15 12:46:10,4,94.3,400
1,GOOGL,stock,2023-01-15 12:46:10,40,68.5,400
2,GOOGL,stock,2023-01-15 12:46:10,43,62.1,400
1,TSLA,stock,2023-01-15 12:46:10,64,20.1,400
2,TSLA,stock,2023-01-15 12:46:10,9,96.6,400
1,BTC/USD,crypto,2023-01-15 12:46:10,50,33.6,400
2,BTC/USD,crypto,2023-01-15 12:46:10,71,70.2,400
1,DOGE/USD,crypto,2023-01-15 12:46:10,56,27.2,400
2,DOGE/USD,crypto,2023-01-15 12:46:10,96,20.1,400
1,AAPL,stock,2023-01-16 12:46:10,80,31.8,400
2,AAPL,stock,2023-01-16 12:46:10,38,33.8,400
1,GOOGL,stock,2023-01-16 12:46:10,92,97.5,400
2,GOOGL,stock,2023-01-16 12:46:10,17,19.7,400
1,TSLA,stock,2023-01-16 12:46:10,32,84.6,400
2,TSLA,stock,2023-01-16 12:46:10,50,94.6,400
1,BTC/USD,crypto,2023-01-16 12:46:10,30,90.2,400
2,BTC/USD,crypto,2023-01-16 12:46:10,67,31.4,400
1,DOGE/USD,crypto,2023-01-16 12:46:10,14,7.3,400
2,DOGE/USD,crypto,2023-01-16 12:46:10,28,16.7,400
1,AAPL,stock,2023-01-17 12:46:10,56,85.3,400
2,AAPL,stock,2023-01-17 12:46:10,38,58.4,400
1,GOOGL,stock,2023-01-17 12:46:10,73,29.9,400
2,GOOGL,stock,2023-01-17 12:46:10,49,84.9,400
1,TSLA,stock,2023-01-17 12:46:10,29,89.5,400
2,TSLA,stock,2023-01-17 12:46:10,64,22.7,400
1,BTC/USD,crypto,2023-01-17 12:46:10,49,86.2,400
2,BTC/USD,crypto,2023-01-17 12:46:10,31,49.4,400
1,DOGE/USD,crypto,2023-01-17 12:46:10,9,3.9,400
2,DOGE/USD,crypto,2023-01-17 12:46:10,27,97.3,400
1,AAPL,stock,2023-01-18 12:46:10,89,77,400
2,AAPL,stock,2023-01-18 12:46:10,28,60.9,400
1,GOOGL,stock,2023-01-18 12:46:10,42,84.2,400
2,GOOGL,stock,2023-01-18 12:46:10,53,85.2,400
1,TSLA,stock,2023-01-18 12:46:10,100,40.9,400
2,TSLA,stock,2023-01-18 12:46:10,80,21.5,400
1,BTC/USD,crypto,2023-01-18 12:46:10,1,0.9,400
2,BTC/USD,crypto,2023-01-18 12:46:10,87,78.6,400
1,DOGE/USD,crypto,2023-01-18 12:46:10,22,13.2,400
2,DOGE/USD,crypto,2023-01-18 12:46:10,21,28.8,400
1,AAPL,stock,2023-01-19 12:46:10,32,88.1,400
2,AAPL,stock,2023-01-19 12:46:10,44,54.7,400
1,GOOGL,stock,2023-01-19 12:46:10,59,22.5,400
2,GOOGL,stock,2023-01-19 12:46:10,15,70.5,400
1,TSLA,stock,2023-01-19 12:46:10,33,79.2,400
2,TSLA,stock,2023-01-19 12:46:10,50,27.5,400
1,BTC/USD,crypto,2023-01-19 12:46:10,38,77,400
2,BTC/USD,crypto,2023-01-19 12:46:10,21,86.5,400
1,DOGE/USD,crypto,2023-01-19 12:46:10,85,88.6,400
2,DOGE/USD,crypto,2023-01-19 12:46:10,70,6.5,400
1,AAPL,stock,2023-01-20 12:46:10,37,76.6,400
2,AAPL,stock,2023-01-20 12:46:10,100,61.5,400
1,GOOGL,stock,2023-01-20 12:46:10,62,23.3,400
2,GOOGL,stock,2023-01-20 12:46:10,29,80.4,400
1,TSLA,stock,2023-01-20 12:46:10,70,16,400
2,TSLA,stock,2023-01-20 12:46:10,50,97.6,400
1,BTC/USD,crypto,2023-01-20 12:46:10,26,37.4,400
2,BTC/USD,crypto,2023-01-20 12:46:10,41,22.6,400
1,DOGE/USD,crypto,2023-01-20 12:46:10,51,21.3,400
2,DOGE/USD,crypto,2023-01-20 12:46:10,32,13.2,400
1,AAPL,stock,2023-01-21 12:46:10,86,36.1,400
2,AAPL,stock,2023-01-21 12:46:10,31,90.9,400
1,GOOGL,stock,2023-01-21 12:46:10,88,55.6,400
2,GOOGL,stock,2023-01-21 12:46:10,44,86.3,400
1,TSLA,stock,2023-01-21 12:46:10,36,94.9,400
2,TSLA,stock,2023-01-21 12:46:10,50,47.2,400
1,BTC/USD,crypto,2023-01-21 12:46:10,97,39.3,400
2,BTC/USD,crypto,2023-01-21 12:46:10,80,88.4,400
1,DOGE/USD,crypto,2023-01-21 12:46:10,34,37.9,400
2,DOGE/USD,crypto,2023-01-21 12:46:10,12,48.2,400
1,AAPL,stock,2023-01-22 12:46:10,45,50.5,400
2,AAPL,stock,2023-01-22 12:46:10,79,83.1,400
1,GOOGL,stock,2023-01-22 12:46:10,30,5.9,400
2,GOOGL,stock,2023-01-22 12:46:10,27,86.6,400
1,TSLA,stock,2023-01-22 12:46:10,85,34.7,400
2,TSLA,stock,2023-01-22 12:46:10,38,99.9,400
1,BTC/USD,crypto,2023-01-22 12:46:10,83,53.2,400
2,BTC/USD,crypto,2023-01-22 12:46:10,4,58.3,400
1,DOGE/USD,crypto,2023-01-22 12:46:10,82,45.4,400
2,DOGE/USD,crypto,2023-01-22 12:46:10,6,13.2,400
1,AAPL,stock,2023-01-23 12:46:10,65,93.7,400
2,AAPL,stock,2023-01-23 12:46:10,3,17.2,400
1,GOOGL,stock,2023-01-23 12:46:10,57,22.1,400
2,GOOGL,stock,2023-01-23 12:46:10,26,13.9,400
1,TSLA,stock,2023-01-23 12:46:10,88,17.2,400
2,TSLA,stock,2023-01-23 12:46:10,15,30.8,400
1,BTC/USD,crypto,2023-01-23 12:46:10,60,38.5,400
2,BTC/USD,crypto,2023-01-23 12:46:10,42,84.7,400
1,DOGE/USD,crypto,2023-01-23 12:46:10,68,16.7,400
2,DOGE/USD,crypto,2023-01-23 12:46:10,28,20.5,400
1,AAPL,stock,2023-01-24 12:46:10,88,19.3,400
2,AAPL,stock,2023-01-24 12:46:10,93,86.2,400
1,GOOGL,stock,2023-01-24 12:46:10,8,10.9,400
2,GOOGL,stock,2023-01-24 12:46:10,76,13.8,400
1,TSLA,stock,2023-01-24 12:46:10,28,1.7,400
2,TSLA,stock,2023-01-24 12:46:10,49,8.5,400
1,BTC/USD,crypto,2023-01-24 12:46:10,59,5.1,400
2,BTC/USD,crypto,2023-01-24 12:46:10,2,57.2,400
1,DOGE/USD,crypto,2023-01-24 12:46:10,28,48.4,400
2,DOGE/USD,crypto,2023-01-24 12:46:10,36,32.4,400
1,AAPL,stock,2023-01-25 12:46:10,36,2.7,400
2,AAPL,stock,2023-01-25 12:46:10,48,28.1,400
1,GOOGL,stock,2023-01-25 12:46:10,82,52.5,400
2,GOOGL,stock,2023-01-25 12:46:10,47,46.2,400
1,TSLA,stock,2023-01-25 12:46:10,49,6.1,400
2,TSLA,stock,2023-01-25 12:46:10,88,97,400
1,BTC/USD,crypto,2023-01-25 12:46:10,71,55.3,400
2,BTC/USD,crypto,2023-01-25 12:46:10,59,46.5,400
1,DOGE/USD,crypto,2023-01-25 12:46:10,25,80.2,400
2,DOGE/USD,crypto,2023-01-25 12:46:10,82,19.5,400
1,AAPL,stock,2023-01-26 12:46:10,87,39.4,400
2,AAPL,stock,2023-01-26 12:46:10,84,86.5,400
1,GOOGL,stock,2023-01-26 12:46:10,85,95.5,400
2,GOOGL,stock,2023-01-26 12:46:10,66,54.3,400
1,TSLA,stock,2023-01-26 12:46:10,94,32.7,400
2,TSLA,stock,2023-01-26 12:46:10,41,97.1,400
1,BTC/USD,crypto,2023-01-26 12:46:10,100,74.9,400
2,BTC/USD,crypto,2023-01-26 12:46:10,80,51.3,400
1,DOGE/USD,crypto,2023-01-26 12:46:10,76,2.9,400
2,DOGE/USD,crypto,2023-01-26 12:46:10,56,78.1,400
1,AAPL,stock,2023-01-27 12:46:10,93,54,400
2,AAPL,stock,2023-01-27 12:46:10,84,48.7,400
1,GOOGL,stock,2023-01-27 12:46:10,82,56.9,400
2,GOOGL,stock,2023-01-27 12:46:10,30,43.1,400
1,TSLA,stock,2023-01-27 12:46:10,55,39.1,400
2,TSLA,stock,2023-01-27 12:46:10,65,53.8,400
1,BTC/USD,crypto,2023-01-27 12:46:10,63,8.9,400
2,BTC/USD,crypto,2023-01-27 12:46:10,14,69.6,400
1,DOGE/USD,crypto,2023-01-27 12:46:10,4,19.2,400
2,DOGE/USD,crypto,2023-01-27 12:46:10,76,13.9,400
1,AAPL,stock,2023-01-28 12:46:10,76,74,400
2,AAPL,stock,2023-01-28 12:46:10,50,77,400
1,GOOGL,stock,2023-01-28 12:46:10,22,69.2,400
2,GOOGL,stock,2023-01-28 12:46:10,17,99.7,400
1,TSLA,stock,2023-01-28 12:46:10,86,10.2,400
2,TSLA,stock,2023-01-28 12:46:10,11,83.2,400
1,BTC/USD,crypto,2023-01-28 12:46:10,39,32,400
2,BTC/USD,crypto,2023-01-28 12:46:10,7,97.5,400
1,DOGE/USD,crypto,2023-01-28 12:46:10,2,20.1,400
2,DOGE/USD,crypto,2023-01-28 12:46:10,96,7.7,400
1,AAPL,stock,2023-01-29 12:46:10,92,78.2,400
2,AAPL,stock,2023-01-29 12:46:10,96,39.2,400
1,GOOGL,stock,2023-01-29 12:46:10,86,98.6,400
2,GOOGL,stock,2023-01-29 12:46:10,31,44.4,400
1,TSLA,stock,2023-01-29 12:46:10,98,73.2,400
2,TSLA,stock,2023-01-29 12:46:10,42,20.5,400
1,BTC/USD,crypto,2023-01-29 12:46:10,75,8.5,400
2,BTC/USD,crypto,2023-01-29 12:46:10,74,33.7,400
1,DOGE/USD,crypto,2023-01-29 12:46:10,51,5.9,400
2,DOGE/USD,crypto,2023-01-29 12:46:10,23,47.7,400
1,AAPL,stock,2023-01-30 12:46:10,84,51.2,400
2,AAPL,stock,2023-01-30 12:46:10,36,30.8,400
1,GOOGL,stock,2023-01-30 12:46:10,43,15.1,400
2,GOOGL,stock,2023-01-30 12:46:10,12,8.2,400
1,TSLA,stock,2023-01-30 12:46:10,5,47.7,400
2,TSLA,stock,2023-01-30 12:46:10,94,43.9,400
1,BTC/USD,crypto,2023-01-30 12:46:10,99,5.9,400
2,BTC/USD,crypto,2023-01-30 12:46:10,12,42.2,400
1,DOGE/USD,crypto,2023-01-30 12:46:10,37,91.1,400
2,DOGE/USD,crypto,2023-01-30 12:46:10,59,82.7,400
1,AAPL,stock,2023-01-31 12:46:10,22,33.1,400
2,AAPL,stock,2023-01-31 12:46:10,25,54.9,400
1,GOOGL,stock,2023-01-31 12:46:10,9,9.6,400
2,GOOGL,stock,2023-01-31 12:46:10,49,82.4,400
1,TSLA,stock,2023-01-31 12:46:10,84,63.1,400
2,TSLA,stock,2023-01-31 12:46:10,78,63,400
1,BTC/USD,crypto,2023-01-31 12:46:10,42,1.3,400
2,BTC/USD,crypto,2023-01-31 12:46:10,97,1.3,400
1,DOGE/USD,crypto,2023-01-31 12:46:10,85,87.6,400
2,DOGE/USD,crypto,2023-01-31 12:46:10,63,42.4,400
1,AAPL,stock,2023-02-01 12:46:10,65,27.3,400
2,AAPL,stock,2023-02-01 12:46:10,51,38.9,400
1,GOOGL,stock,2023-02-01 12:46:10,15,15.1,400
2,GOOGL,stock,2023-02-01 12:46:10,2,90.4,400
1,TSLA,stock,2023-02-01 12:46:10,19,92.2,400
2,TSLA,stock,2023-02-01 12:46:10,39,75.1,400
1,BTC/USD,crypto,2023-02-01 12:46:10,52,42.1,400
2,BTC/USD,crypto,2023-02-01 12:46:10,21,9.3,400
1,DOGE/USD,crypto,2023-02-01 12:46:10,84,39.3,400
2,DOGE/USD,crypto,2023-02-01 12:46:10,22,25.2,400
1,AAPL,stock,2023-02-02 12:46:10,43,40.1,400
2,AAPL,stock,2023-02-02 12:46:10,9,59.6,400
1,GOOGL,stock,2023-02-02 12:46:10,54,90.6,400
2,GOOGL,stock,2023-02-02 12:46:10,22,1.4,400
1,TSLA,stock,2023-02-02 12:46:10,97,77.1,400
2,TSLA,stock,2023-02-02 12:46:10,12,16.8,400
1,BTC/USD,crypto,2023-02-02 12:46:10,41,10.6,400
2,BTC/USD,crypto,2023-02-02 12:46:10,66,73.4,400
1,DOGE/USD,crypto,2023-02-02 12:46:10,25,3.2,400
2,DOGE/USD,crypto,2023-02-02 12:46:10,56,24.6,400
1,AAPL,stock,2023-02-03 12:46:10,33,83.9,400
2,AAPL,stock,2023-02-03 12:46:10,40,51.1,400
1,GOOGL,stock,2023-02-03 12:46:10,1,88.4,400
2,GOOGL,stock,2023-02-03 12:46:10,79,14.3,400
1,TSLA,stock,2023-02-03 12:46:10,57,9.5,400
2,TSLA,stock,2023-02-03 12:46:10,35,51.3,400
1,BTC/USD,crypto,2023-02-03 12:46:10,84,17.8,400
2,BTC/USD,crypto,2023-02-03 12:46:10,97,9.9,400
1,DOGE/USD,crypto,2023-02-03 12:46:10,29,87.8,400
2,DOGE/USD,crypto,2023-02-03 12:46:10,76,91.6,400
1,AAPL,stock,2023-02-04 12:46:10,12,68.9,400
2,AAPL,stock,2023-02-04 12:46:10,50,17.2,400
1,GOOGL,stock,2023-02-04 12:46:10,74,29.3,400
2,GOOGL,stock,2023-02-04 12:46:10,19,93.5,400
1,TSLA,stock,2023-02-04 12:46:10,28,1.4,400
2,TSLA,stock,2023-02-04 12:46:10,72,3.2,400
1,BTC/USD,crypto,2023-02-04 12:46:10,77,45.3,400
2,BTC/USD,crypto,2023-02-04 12:46:10,33,89,400
1,DOGE/USD,crypto,2023-02-04 12:46:10,83,36.8,400
2,DOGE/USD,crypto,2023-02-04 12:46:10,29,34.8,400
1,AAPL,stock,2023-02-05 12:46:10,28,12.9,400
2,AAPL,stock,2023-02-05 12:46:10,43,35.4,400
1,GOOGL,stock,2023-02-05 12:46:10,41,52.7,400
2,GOOGL,stock,2023-02-05 12:46:10,28,5.3,400
1,TSLA,stock,2023-02-05 12:46:10,97,63,400
2,TSLA,stock,2023-02-05 12:46:10,19,50.2,400
1,BTC/USD,crypto,2023-02-05 12:46:10,98,37.1,400
2,BTC/USD,crypto,2023-02-05 12:46:10,4,24.3,400
1,DOGE/USD,crypto,2023-02-05 12:46:10,8,63,400
2,DOGE/USD,crypto,2023-02-05 12:46:10,63,90.2,400
1,AAPL,stock,2023-02-06 12:46:10,5,56.6,400
2,AAPL,stock,2023-02-06 12:46:10,22,47.2,400
1,GOOGL,stock,2023-02-06 12:46:10,11,94.1,400
2,GOOGL,stock,2023-02-06 12:46:10,24,32.1,400
1,TSLA,stock,2023-02-06 12:46:10,89,25.3,400
2,TSLA,stock,2023-02-06 12:46:10,91,6,400
1,BTC/USD,crypto,2023-02-06 12:46:10,53,61.9,400
2,BTC/USD,crypto,2023-02-06 12:46:10,75,25.6,400
1,DOGE/USD,crypto,2023-02-06 12:46:10,11,32.5,400
2,DOGE/USD,crypto,2023-02-06 12:46:10,74,53.8,400
1,AAPL,stock,2023-02-07 12:46:10,92,57.1,400
2,AAPL,stock,2023-02-07 12:46:10,89,46.2,400
1,GOOGL,stock,2023-02-07 12:46:10,1,98.1,400
2,GOOGL,stock,2023-02-07 12:46:10,94,16.3,400
1,TSLA,stock,2023-02-07 12:46:10,96,97.5,400
2,TSLA,stock,2023-02-07 12:46:10,26,2,400
1,BTC/USD,crypto,2023-02-07 12:46:10,59,88.1,400
2,BTC/USD,crypto,2023-02-07 12:46:10,52,12.5,400
1,DOGE/USD,crypto,2023-02-07 12:46:10,89,80,400
2,DOGE/USD,crypto,2023-02-07 12:46:10,19,42.7,400
1,AAPL,stock,2023-02-08 12:46:10,64,2.8,400
2,AAPL,stock,2023-02-08 12:46:10,20,60.7,400
1,GOOGL,stock,2023-02-08 12:46:10,44,64.2,400
2,GOOGL,stock,2023-02-08 12:46:10,83,62.6,400
1,TSLA,stock,2023-02-08 12:46:10,52,83.7,400
2,TSLA,stock,2023-02-08 12:46:10,94,48,400
1,BTC/USD,crypto,2023-02-08 12:46:10,21,8.8,400
2,BTC/USD,crypto,2023-02-08 12:46:10,19,23.5,400
1,DOGE/USD,crypto,2023-02-08 12:46:10,89,12.6,400
2,DOGE/USD,crypto,2023-02-08 12:46:10,56,92.6,400
1,AAPL,stock,2023-02-09 12:46:10,60,55.4,400
2,AAPL,stock,2023-02-09 12:46:10,36,25.9,400
1,GOOGL,stock,2023-02-09 12:46:10,22,13.6,400
2,GOOGL,stock,2023-02-09 12:46:10,10,27.2,400
1,TSLA,stock,2023-02-09 12:46:10,12,61,400
2,TSLA,stock,2023-02-09 12:46:10,21,53.7,400
1,BTC/USD,crypto,2023-02-09 12:46:10,8,28.9,400
2,BTC/USD,crypto,2023-02-09 12:46:10,1,80.4,400
1,DOGE/USD,crypto,2023-02-09 12:46:10,25,45.1,400
2,DOGE/USD,crypto,2023-02-09 12:46:10,16,79.6,400
1,AAPL,stock,2023-02-10 12:46:10,68,35.4,400
2,AAPL,stock,2023-02-10 12:46:10,6,74.7,400
1,GOOGL,stock,2023-02-10 12:46:10,38,47.6,400
2,GOOGL,stock,2023-02-10 12:46:10,29,53.5,400
1,TSLA,stock,2023-02-10 12:46:10,51,96.3,400
2,TSLA,stock,2023-02-10 12:46:10,26,38.8,400
1,BTC/USD,crypto,2023-02-10 12:46:10,15,7.9,400
2,BTC/USD,crypto,2023-02-10 12:46:10,42,73.8,400
1,DOGE/USD,crypto,2023-02-10 12:46:10,96,14.7,400
2,DOGE/USD,crypto,2023-02-10 12:46:10,48,48.3,400
1,AAPL,stock,2023-02-11 12:46:10,77,84.1,400
2,AAPL,stock,2023-02-11 12:46:10,97,26,400
1,GOOGL,stock,2023-02-11 12:46:10,39,79.2,400
2,GOOGL,stock,2023-02-11 12:46:10,87,50.5,400
1,TSLA,stock,2023-02-11 12:46:10,19,22.2,400
2,TSLA,stock,2023-02-11 12:46:10,9,18,400
1,BTC/USD,crypto,2023-02-11 12:46:10,50,76.1,400
2,BTC/USD,crypto,2023-02-11 12:46:10,49,32.8,400
1,DOGE/USD,crypto,2023-02-11 12:46:10,69,45.3,400
2,DOGE/USD,crypto,2023-02-11 12:46:10,91,44.6,400
1,AAPL,stock,2023-02-12 12:46:10,65,30.7,400
2,AAPL,stock,2023-02-12 12:46:10,86,4.8,400
1,GOOGL,stock,2023-02-12 12:46:10,6,45,400
2,GOOGL,stock,2023-02-12 12:46:10,92,2.5,400
1,TSLA,stock,2023-02-12 12:46:10,11,31.2,400
2,TSLA,stock,2023-02-12 12:46:10,64,16.4,400
1,BTC/USD,crypto,2023-02-12 12:46:10,89,15.1,400
2,BTC/USD,crypto,2023-02-12 12:46:10,72,85.9,400
1,DOGE/USD,crypto,2023-02-12 12:46:10,96,46.2,400
2,DOGE/USD,crypto,2023-02-12 12:46:10,85,24.3,400
1,AAPL,stock,2023-02-13 12:46:10,33,78.7,400
2,AAPL,stock,2023-02-13 12:46:10,47,74.2,400
1,GOOGL,stock,2023-02-13 12:46:10,55,22.5,400
2,GOOGL,stock,2023-02-13 12:46:10,17,80.2,400
1,TSLA,stock,2023-02-13 12:46:10,65,70.8,400
2,TSLA,stock,2023-02-13 12:46:10,19,47.3,400
1,BTC/USD,crypto,2023-02-13 12:46:10,55,0.7,400
2,BTC/USD,crypto,2023-02-13 12:46:10,31,12.3,400
1,DOGE/USD,crypto,2023-02-13 12:46:10,73,30,400
2,DOGE/USD,crypto,2023-02-13 12:46:10,2,18.3,400
1,AAPL,stock,2023-02-14 12:46:10,8,61.7,400
2,AAPL,stock,2023-02-14 12:46:10,84,26.1,400
1,GOOGL,stock,2023-02-14 12:46:10,96,94.7,400
2,GOOGL,stock,2023-02-14 12:46:10,6,26.8,400
1,TSLA,stock,2023-02-14 12:46:10,56,47.1,400
2,TSLA,stock,2023-02-14 12:46:10,16,58,400
1,BTC/USD,crypto,2023-02-14 12:46:10,53,57.7,400
2,BTC/USD,crypto,2023-02-14 12:46:10,72,9,400
1,DOGE/USD,crypto,2023-02-14 12:46:10,100,62.3,400
2,DOGE/USD,crypto,2023-02-14 12:46:10,75,90.8,400
1,AAPL,stock,2023-02-15 12:46:10,86,5.2,400
2,AAPL,stock,2023-02-15 12:46:10,1,83.9,400
1,GOOGL,stock,2023-02-15 12:46:10,84,67,400
2,GOOGL,stock,2023-02-15 12:46:10,42,79,400
1,TSLA,stock,2023-02-15 12:46:10,78,99.2,400
2,TSLA,stock,2023-02-15 12:46:10,20,83.5,400
1,BTC/USD,crypto,2023-02-15 12:46:10,76,93,400
2,BTC/USD,crypto,2023-02-15 12:46:10,82,20.6,400
1,DOGE/USD,crypto,2023-02-15 12:46:10,31,56.9,400
2,DOGE/USD,crypto,2023-02-15 12:46:10,8,84.9,400
1,AAPL,stock,2023-02-16 12:46:10,61,95.7,400
2,AAPL,stock,2023-02-16 12:46:10,81,37.4,400
1,GOOGL,stock,2023-02-16 12:46:10,74,67.7,400
2,GOOGL,stock,2023-02-16 12:46:10,13,23.5,400
1,TSLA,stock,2023-02-16 12:46:10,19,1.3,400
2,TSLA,stock,2023-02-16 12:46:10,85,21.7,400
1,BTC/USD,crypto,2023-02-16 12:46:10,35,6.4,400
2,BTC/USD,crypto,2023-02-16 12:46:10,14,17.5,400
1,DOGE/USD,crypto,2023-02-16 12:46:10,44,13.5,400
2,DOGE/USD,crypto,2023-02-16 12:46:10,1,85.1,400
1,AAPL,stock,2023-02-17 12:46:10,89,57.3,400
2,AAPL,stock,2023-02-17 12:46:10,90,80.8,400
1,GOOGL,stock,2023-02-17 12:46:10,100,95.5,400
2,GOOGL,stock,2023-02-17 12:46:10,91,32.2,400
1,TSLA,stock,2023-02-17 12:46:10,97,22.9,400
2,TSLA,stock,2023-02-17 12:46:10,47,88.8,400
1,BTC/USD,crypto,2023-02-17 12:46:10,4,3.3,400
2,BTC/USD,crypto,2023-02-17 12:46:10,74,92,400
1,DOGE/USD,crypto,2023-02-17 12:46:10,88,98.8,400
2,DOGE/USD,crypto,2023-02-17 12:46:10,82,21.5,400
1,AAPL,stock,2023-02-18 12:46:10,24,86.4,400
2,AAPL,stock,2023-02-18 12:46:10,1,72.6,400
1,GOOGL,stock,2023-02-18 12:46:10,94,44.8,400
2,GOOGL,stock,2023-02-18 12:46:10,80,10.3,400
1,TSLA,stock,2023-02-18 12:46:10,23,32.8,400
2,TSLA,stock,2023-02-18 12:46:10,35,50.3,400
1,BTC/USD,crypto,2023-02-18 12:46:10,9,18.8,400
2,BTC/USD,crypto,2023-02-18 12:46:10,78,99.2,400
1,DOGE/USD,crypto,2023-02-18 12:46:10,37,39.6,400
2,DOGE/USD,crypto,2023-02-18 12:46:10,28,29.3,400
1,AAPL,stock,2023-02-19 12:46:10,31,82.7,400
2,AAPL,stock,2023-02-19 12:46:10,11,1.9,400
1,GOOGL,stock,2023-02-19 12:46:10,31,24.8,400
2,GOOGL,stock,2023-02-19 12:46:10,4,39.6,400
1,TSLA,stock,2023-02-19 12:46:10,55,42.1,400
2,TSLA,stock,2023-02-19 12:46:10,23,17,400
1,BTC/USD,crypto,2023-02-19 12:46:10,97,56.4,400
2,BTC/USD,crypto,2023-02-19 12:46:10,43,59.3,400
1,DOGE/USD,crypto,2023-02-19 12:46:10,53,92.6,400
2,DOGE/USD,crypto,2023-02-19 12:46:10,47,38,400
1,AAPL,stock,2023-02-20 12:46:10,68,43.7,400
2,AAPL,stock,2023-02-20 12:46:10,82,94.4,400
1,GOOGL,stock,2023-02-20 12:46:10,1,96.9,400
2,GOOGL,stock,2023-02-20 12:46:10,38,12.2,400
1,TSLA,stock,2023-02-20 12:46:10,60,70.1,400
2,TSLA,stock,2023-02-20 12:46:10,35,8.4,400
1,BTC/USD,crypto,2023-02-20 12:46:10,36,69.7,400
2,BTC/USD,crypto,2023-02-20 12:46:10,47,14.4,400
1,DOGE/USD,crypto,2023-02-20 12:46:10,79,3,400
2,DOGE/USD,crypto,2023-02-20 12:46:10,22,88.7,400
1,AAPL,stock,2023-02-21 12:46:10,96,79.1,400
2,AAPL,stock,2023-02-21 12:46:10,66,9.5,400
1,GOOGL,stock,2023-02-21 12:46:10,38,75.7,400
2,GOOGL,stock,2023-02-21 12:46:10,71,70,400
1,TSLA,stock,2023-02-21 12:46:10,77,82.2,400
2,TSLA,stock,2023-02-21 12:46:10,59,49.6,400
1,BTC/USD,crypto,2023-02-21 12:46:10,18,26.9,400
2,BTC/USD,crypto,2023-02-21 12:46:10,25,22.8,400
1,DOGE/USD,crypto,2023-02-21 12:46:10,28,10.6,400
2,DOGE/USD,crypto,2023-02-21 12:46:10,87,25.9,400
1,AAPL,stock,2023-02-22 12:46:10,22,34.1,400
2,AAPL,stock,2023-02-22 12:46:10,87,5.2,400
1,GOOGL,stock,2023-02-22 12:46:10,17,22.4,400
2,GOOGL,stock,2023-02-22 12:46:10,71,92.7,400
1,TSLA,stock,2023-02-22 12:46:10,37,84.7,400
2,TSLA,stock,2023-02-22 12:46:10,49,80,400
1,BTC/USD,crypto,2023-02-22 12:46:10,37,10.4,400
2,BTC/USD,crypto,2023-02-22 12:46:10,79,50.8,400
1,DOGE/USD,crypto,2023-02-22 12:46:10,9,47.6,400
2,DOGE/USD,crypto,2023-02-22 12:46:10,87,64.6,400
1,AAPL,stock,2023-02-23 12:46:10,51,15.6,400
2,AAPL,stock,2023-02-23 12:46:10,20,60.3,400
1,GOOGL,stock,2023-02-23 12:46:10,43,81.4,400
2,GOOGL,stock,2023-02-23 12:46:10,22,3.2,400
1,TSLA,stock,2023-02-23 12:46:10,25,18.7,400
2,TSLA,stock,2023-02-23 12:46:10,7,10.9,400
1,BTC/USD,crypto,2023-02-23 12:46:10,32,14.9,400
2,BTC/USD,crypto,2023-02-23 12:46:10,99,83.6,400
1,DOGE/USD,crypto,2023-02-23 12:46:10,31,50.2,400
2,DOGE/USD,crypto,2023-02-23 12:46:10,30,31.4,400
1,AAPL,stock,2023-02-24 12:46:10,48,65.1,400
2,AAPL,stock,2023-02-24 12:46:10,19,7.4,400
1,GOOGL,stock,2023-02-24 12:46:10,45,82.7,400
2,GOOGL,stock,2023-02-24 12:46:10,19,20.6,400
1,TSLA,stock,2023-02-24 12:46:10,99,36.4,400
2,TSLA,stock,2023-02-24 12:46:10,37,40.4,400
1,BTC/USD,crypto,2023-02-24 12:46:10,43,99,400
2,BTC/USD,crypto,2023-02-24 12:46:10,74,10.6,400
1,DOGE/USD,crypto,2023-02-24 12:46:10,94,88.5,400
2,DOGE/USD,crypto,2023-02-24 12:46:10,68,27.4,400
1,AAPL,stock,2023-02-25 12:46:10,87,65.8,400
2,AAPL,stock,2023-02-25 12:46:10,50,23.3,400
1,GOOGL,stock,2023-02-25 12:46:10,68,88.5,400
2,GOOGL,stock,2023-02-25 12:46:10,84,6.5,400
1,TSLA,stock,2023-02-25 12:46:10,38,84,400
2,TSLA,stock,2023-02-25 12:46:10,77,44,400
1,BTC/USD,crypto,2023-02-25 12:46:10,24,3,400
2,BTC/USD,crypto,2023-02-25 12:46:10,69,1.2,400
1,DOGE/USD,crypto,2023-02-25 12:46:10,96,51.8,400
2,DOGE/USD,crypto,2023-02-25 12:46:10,1,74.5,400
1,AAPL,stock,2023-02-26 12:46:10,39,23.4,400
2,AAPL,stock,2023-02-26 12:46:10,43,78.2,400
1,GOOGL,stock,2023-02-26 12:46:10,91,3.9,400
2,GOOGL,stock,2023-02-26 12:46:10,23,60.4,400
1,TSLA,stock,2023-02-26 12:46:10,2,73.3,400
2,TSLA,stock,2023-02-26 12:46:10,11,90.5,400
1,BTC/USD,crypto,2023-02-26 12:46:10,5,35.8,400
2,BTC/USD,crypto,2023-02-26 12:46:10,29,20.7,400
1,DOGE/USD,crypto,2023-02-26 12:46:10,33,95.8,400
2,DOGE/USD,crypto,2023-02-26 12:46:10,47,16.9,400
1,AAPL,stock,2023-02-27 12:46:10,53,92.4,400
2,AAPL,stock,2023-02-27 12:46:10,80,34.2,400
1,GOOGL,stock,2023-02-27 12:46:10,77,67.9,400
2,GOOGL,stock,2023-02-27 12:46:10,67,48.3,400
1,TSLA,stock,2023-02-27 12:46:10,13,37.8,400
2,TSLA,stock,2023-02-27 12:46:10,78,97.9,400
1,BTC/USD,crypto,2023-02-27 12:46:10,10,69.3,400
2,BTC/USD,crypto,2023-02-27 12:46:10,30,0.4,400
1,DOGE/USD,crypto,2023-02-27 12:46:10,1,55.9,400
2,DOGE/USD,crypto,2023-02-27 12:46:10,94,33.1,400
1,AAPL,stock,2023-02-28 12:46:10,69,6.6,400
2,AAPL,stock,2023-02-28 12:46:10,35,39.3,400
1,GOOGL,stock,2023-02-28 12:46:10,32,11.6,400
2,GOOGL,stock,2023-02-28 12:46:10,6,88.1,400
1,TSLA,stock,2023-02-28 12:46:10,96,55.5,400
2,TSLA,stock,2023-02-28 12:46:10,34,99.2,400
1,BTC/USD,crypto,2023-02-28 12:46:10,32,65.8,400
2,BTC/USD,crypto,2023-02-28 12:46:10,74,95.1,400
1,DOGE/USD,crypto,2023-02-28 12:46:10,88,79.8,400
2,DOGE/USD,crypto,2023-02-28 12:46:10,84,96,400
1,AAPL,stock,2023-03-01 12:46:10,7,31.9,400
2,AAPL,stock,2023-03-01 12:46:10,95,32.7,400
1,GOOGL,stock,2023-03-01 12:46:10,10,29.8,400
2,GOOGL,stock,2023-03-01 12:46:10,5,32.3,400
1,TSLA,stock,2023-03-01 12:46:10,44,80.3,400
2,TSLA,stock,2023-03-01 12:46:10,15,2.9,400
1,BTC/USD,crypto,2023-03-01 12:46:10,54,87.6,400
2,BTC/USD,crypto,2023-03-01 12:46:10,66,53.4,400
1,DOGE/USD,crypto,2023-03-01 12:46:10,91,3.3,400
2,DOGE/USD,crypto,2023-03-01 12:46:10,54,94.5,400
1,AAPL,stock,2023-03-02 12:46:10,65,38.7,400
2,AAPL,stock,2023-03-02 12:46:10,93,55.9,400
1,GOOGL,stock,2023-03-02 12:46:10,16,86.7,400
2,GOOGL,stock,2023-03-02 12:46:10,99,57,400
1,TSLA,stock,2023-03-02 12:46:10,98,45.7,400
2,TSLA,stock,2023-03-02 12:46:10,86,30.6,400
1,BTC/USD,crypto,2023-03-02 12:46:10,58,21.7,400
2,BTC/USD,crypto,2023-03-02 12:46:10,27,50.5,400
1,DOGE/USD,crypto,2023-03-02 12:46:10,45,51.3,400
2,DOGE/USD,crypto,2023-03-02 12:46:10,69,15.2,400
1,AAPL,stock,2023-03-03 12:46:10,14,77.1,400
2,AAPL,stock,2023-03-03 12:46:10,22,52.8,400
1,GOOGL,stock,2023-03-03 12:46:10,11,52,400
2,GOOGL,stock,2023-03-03 12:46:10,10,60.3,400
1,TSLA,stock,2023-03-03 12:46:10,77,47.9,400
2,TSLA,stock,2023-03-03 12:46:10,7,21,400
1,BTC/USD,crypto,2023-03-03 12:46:10,66,76,400
2,BTC/USD,crypto,2023-03-03 12:46:10,27,3.2,400
1,DOGE/USD,crypto,2023-03-03 12:46:10,28,83.7,400
2,DOGE/USD,crypto,2023-03-03 12:46:10,7,55.5,400
1,AAPL,stock,2023-03-04 12:46:10,50,35.4,400
2,AAPL,stock,2023-03-04 12:46:10,23,65.7,400
1,GOOGL,stock,2023-03-04 12:46:10,48,20.6,400
2,GOOGL,stock,2023-03-04 12:46:10,10,10.5,400
1,TSLA,stock,2023-03-04 12:46:10,2,75.6,400
2,TSLA,stock,2023-03-04 12:46:10,47,39.1,400
1,BTC/USD,crypto,2023-03-04 12:46:10,15,80,400
2,BTC/USD,crypto,2023-03-04 12:46:10,91,12.4,400
1,DOGE/USD,crypto,2023-03-04 12:46:10,81,95.3,400
2,DOGE/USD,crypto,2023-03-04 12:46:10,70,12.9,400
1,AAPL,stock,2023-03-05 12:46:10,67,13.1,400
2,AAPL,stock,2023-03-05 12:46:10,47,60.8,400
1,GOOGL,stock,2023-03-05 12:46:10,98,88.9,400
2,GOOGL,stock,2023-03-05 12:46:10,6,48.2,400
1,TSLA,stock,2023-03-05 12:46:10,79,29.4,400
2,TSLA,stock,2023-03-05 12:46:10,6,34.4,400
1,BTC/USD,crypto,2023-03-05 12:46:10,32,26.2,400
2,BTC/USD,crypto,2023-03-05 12:46:10,68,54.3,400
1,DOGE/USD,crypto,2023-03-05 12:46:10,72,30.2,400
2,DOGE/USD,crypto,2023-03-05 12:46:10,52,48.4,400
1,AAPL,stock,2023-03-06 12:46:10,30,8.3,400
2,AAPL,stock,2023-03-06 12:46:10,86,87.9,400
1,GOOGL,stock,2023-03-06 12:46:10,34,19.9,400
2,GOOGL,stock,2023-03-06 12:46:10,10,64.7,400
1,TSLA,stock,2023-03-06 12:46:10,90,89.2,400
2,TSLA,stock,2023-03-06 12:46:10,8,54.9,400
1,BTC/USD,crypto,2023-03-06 12:46:10,73,55.4,400
2,BTC/USD,crypto,2023-03-06 12:46:10,89,35.5,400
1,DOGE/USD,crypto,2023-03-06 12:46:10,84,54.8,400
2,DOGE/USD,crypto,2023-03-06 12:46:10,44,32.2,400
1,AAPL,stock,2023-03-07 12:46:10,34,60.7,400
2,AAPL,stock,2023-03-07 12:46:10,77,33.7,400
1,GOOGL,stock,2023-03-07 12:46:10,67,76.2,400
2,GOOGL,stock,2023-03-07 12:46:10,12,3.2,400
1,TSLA,stock,2023-03-07 12:46:10,94,54.6,400
2,TSLA,stock,2023-03-07 12:46:10,36,7.7,400
1,BTC/USD,crypto,2023-03-07 12:46:10,91,35,400
2,BTC/USD,crypto,2023-03-07 12:46:10,58,84.9,400
1,DOGE/USD,crypto,2023-03-07 12:46:10,58,77.5,400
2,DOGE/USD,crypto,2023-03-07 12:46:10,57,43.4,400
1,AAPL,stock,2023-03-08 12:46:10,55,51,400
2,AAPL,stock,2023-03-08 12:46:10,73,53.1,400
1,GOOGL,stock,2023-03-08 12:46:10,82,34.9,400
2,GOOGL,stock,2023-03-08 12:46:10,77,5.2,400
1,TSLA,stock,2023-03-08 12:46:10,85,11.1,400
2,TSLA,stock,2023-03-08 12:46:10,4,38.7,400
1,BTC/USD,crypto,2023-03-08 12:46:10,86,75.3,400
2,BTC/USD,crypto,2023-03-08 12:46:10,12,33.4,400
1,DOGE/USD,crypto,2023-03-08 12:46:10,9,97.6,400
2,DOGE/USD,crypto,2023-03-08 12:46:10,67,56,400
1,AAPL,stock,2023-03-09 12:46:10,75,8.2,400
2,AAPL,stock,2023-03-09 12:46:10,38,36.4,400
1,GOOGL,stock,2023-03-09 12:46:10,79,36.8,400
2,GOOGL,stock,2023-03-09 12:46:10,89,31.9,400
1,TSLA,stock,2023-03-09 12:46:10,65,62.5,400
2,TSLA,stock,2023-03-09 12:46:10,70,50.8,400
1,BTC/USD,crypto,2023-03-09 12:46:10,99,87.3,400
2,BTC/USD,crypto,2023-03-09 12:46:10,26,2.6,400
1,DOGE/USD,crypto,2023-03-09 12:46:10,12,94.5,400
2,DOGE/USD,crypto,2023-03-09 12:46:10,2,29.2,400
1,AAPL,stock,2023-03-10 12:46:10,8,94.6,400
2,AAPL,stock,2023-03-10 12:46:10,25,23,400
1,GOOGL,stock,2023-03-10 12:46:10,46,14.9,400
2,GOOGL,stock,2023-03-10 12:46:10,52,82.2,400
1,TSLA,stock,2023-03-10 12:46:10,86,68.2,400
2,TSLA,stock,2023-03-10 12:46:10,87,41,400
1,BTC/USD,crypto,2023-03-10 12:46:10,71,31.8,400
2,BTC/USD,crypto,2023-03-10 12:46:10,41,30.8,400
1,DOGE/USD,crypto,2023-03-10 12:46:10,44,23.6,400
2,DOGE/USD,crypto,2023-03-10 12:46:10,14,22.2,400
1,AAPL,stock,2023-03-11 12:46:10,7,52.1,400
2,AAPL,stock,2023-03-11 12:46:10,47,0.5,400
1,GOOGL,stock,2023-03-11 12:46:10,47,38.5,400
2,GOOGL,stock,2023-03-11 12:46:10,68,62.1,400
1,TSLA,stock,2023-03-11 12:46:10,33,71.6,400
2,TSLA,stock,2023-03-11 12:46:10,83,96.7,400
1,BTC/USD,crypto,2023-03-11 12:46:10,45,59.8,400
2,BTC/USD,crypto,2023-03-11 12:46:10,26,35.7,400
1,DOGE/USD,crypto,2023-03-11 12:46:10,49,59.8,400
2,DOGE/USD,crypto,2023-03-11 12:46:10,46,41.1,400
1,AAPL,stock,2023-03-12 12:46:10,99,71.4,400
2,AAPL,stock,2023-03-12 12:46:10,35,10.7,400
1,GOOGL,stock,2023-03-12 12:46:10,12,32.5,400
2,GOOGL,stock,2023-03-12 12:46:10,67,77.9,400
1,TSLA,stock,2023-03-12 12:46:10,12,16,400
2,TSLA,stock,2023-03-12 12:46:10,16,41.8,400
1,BTC/USD,crypto,2023-03-12 12:46:10,81,61,400
2,BTC/USD,crypto,2023-03-12 12:46:10,36,19.3,400
1,DOGE/USD,crypto,2023-03-12 12:46:10,54,30.5,400
2,DOGE/USD,crypto,2023-03-12 12:46:10,91,89.4,400
1,AAPL,stock,2023-03-13 12:46:10,66,75.3,400
2,AAPL,stock,2023-03-13 12:46:10,100,22.5,400
1,GOOGL,stock,2023-03-13 12:46:10,5,5.6,400
2,GOOGL,stock,2023-03-13 12:46:10,100,6,400
1,TSLA,stock,2023-03-13 12:46:10,100,12.8,400
2,TSLA,stock,2023-03-13 12:46:10,7,0.2,400
1,BTC/USD,crypto,2023-03-13 12:46:10,75,14.1,400
2,BTC/USD,crypto,2023-03-13 12:46:10,48,88.7,400
1,DOGE/USD,crypto,2023-03-13 12:46:10,5,16.7,400
2,DOGE/USD,crypto,2023-03-13 12:46:10,48,77.4,400
1,AAPL,stock,2023-03-14 12:46:10,21,19.4,400
2,AAPL,stock,2023-03-14 12:46:10,42,32.4,400
1,GOOGL,stock,2023-03-14 12:46:10,37,12.2,400
2,GOOGL,stock,2023-03-14 12:46:10,9,75.6,400
1,TSLA,stock,2023-03-14 12:46:10,31,3.1,400
2,TSLA,stock,2023-03-14 12:46:10,74,87.1,400
1,BTC/USD,crypto,2023-03-14 12:46:10,24,37.7,400
2,BTC/USD,crypto,2023-03-14 12:46:10,88,35.2,400
1,DOGE/USD,crypto,2023-03-14 12:46:10,25,60,400
2,DOGE/USD,crypto,2023-03-14 12:46:10,82,96.4,400
1,AAPL,stock,2023-03-15 12:46:10,49,31.2,400
2,AAPL,stock,2023-03-15 12:46:10,52,19.3,400
1,GOOGL,stock,2023-03-15 12:46:10,23,65.6,400
2,GOOGL,stock,2023-03-15 12:46:10,99,75.1,400
1,TSLA,stock,2023-03-15 12:46:10,72,61.1,400
2,TSLA,stock,2023-03-15 12:46:10,35,15.8,400
1,BTC/USD,crypto,2023-03-15 12:46:10,97,79.2,400
2,BTC/USD,crypto,2023-03-15 12:46:10,57,85.1,400
1,DOGE/USD,crypto,2023-03-15 12:46:10,68,1.7,400
2,DOGE/USD,crypto,2023-03-15 12:46:10,32,82.4,400
1,AAPL,stock,2023-03-16 12:46:10,100,26.9,400
2,AAPL,stock,2023-03-16 12:46:10,100,53,400
1,GOOGL,stock,2023-03-16 12:46:10,89,0.4,400
2,GOOGL,stock,2023-03-16 12:46:10,79,19.2,400
1,TSLA,stock,2023-03-16 12:46:10,27,41.5,400
2,TSLA,stock,2023-03-16 12:46:10,14,73.9,400
1,BTC/USD,crypto,2023-03-16 12:46:10,46,36.9,400
2,BTC/USD,crypto,2023-03-16 12:46:10,91,35.7,400
1,DOGE/USD,crypto,2023-03-16 12:46:10,37,32.7,400
2,DOGE/USD,crypto,2023-03-16 12:46:10,26,64.7,400
1,AAPL,stock,2023-03-17 12:46:10,18,67.1,400
2,AAPL,stock,2023-03-17 12:46:10,93,90.2,400
1,GOOGL,stock,2023-03-17 12:46:10,9,14.9,400
2,GOOGL,stock,2023-03-17 12:46:10,2,98.2,400
1,TSLA,stock,2023-03-17 12:46:10,4,32.5,400
2,TSLA,stock,2023-03-17 12:46:10,19,37.5,400
1,BTC/USD,crypto,2023-03-17 12:46:10,55,47.4,400
2,BTC/USD,crypto,2023-03-17 12:46:10,39,2.9,400
1,DOGE/USD,crypto,2023-03-17 12:46:10,13,55.5,400
2,DOGE/USD,crypto,2023-03-17 12:46:10,83,50,400
1,AAPL,stock,2023-03-18 12:46:10,14,60.5,400
2,AAPL,stock,2023-03-18 12:46:10,74,61.5,400
1,GOOGL,stock,2023-03-18 12:46:10,70,12.9,400
2,GOOGL,stock,2023-03-18 12:46:10,100,88.1,400
1,TSLA,stock,2023-03-18 12:46:10,68,86.1,400
2,TSLA,stock,2023-03-18 12:46:10,97,26.1,400
1,BTC/USD,crypto,2023-03-18 12:46:10,10,5.7,400
2,BTC/USD,crypto,2023-03-18 12:46:10,39,76.9,400
1,DOGE/USD,crypto,2023-03-18 12:46:10,13,68.8,400
2,DOGE/USD,crypto,2023-03-18 12:46:10,66,49.8,400
1,AAPL,stock,2023-03-19 12:46:10,99,94.7,400
2,AAPL,stock,2023-03-19 12:46:10,68,69.9,400
1,GOOGL,stock,2023-03-19 12:46:10,19,76.7,400
2,GOOGL,stock,2023-03-19 12:46:10,9,86.6,400
1,TSLA,stock,2023-03-19 12:46:10,60,41.7,400
2,TSLA,stock,2023-03-19 12:46:10,3,83.8,400
1,BTC/USD,crypto,2023-03-19 12:46:10,89,73.4,400
2,BTC/USD,crypto,2023-03-19 12:46:10,67,24.1,400
1,DOGE/USD,crypto,2023-03-19 12:46:10,85,80.9,400
2,DOGE/USD,crypto,2023-03-19 12:46:10,46,75.1,400
1,AAPL,stock,2023-03-20 12:46:10,37,93.1,400
2,AAPL,stock,2023-03-20 12:46:10,79,76.8,400
1,GOOGL,stock,2023-03-20 12:46:10,28,23.3,400
2,GOOGL,stock,2023-03-20 12:46:10,31,71.2,400
1,TSLA,stock,2023-03-20 12:46:10,56,87.5,400
2,TSLA,stock,2023-03-20 12:46:10,24,88.6,400
1,BTC/USD,crypto,2023-03-20 12:46:10,28,4.8,400
2,BTC/USD,crypto,2023-03-20 12:46:10,64,31.5,400
1,DOGE/USD,crypto,2023-03-20 12:46:10,22,92.7,400
2,DOGE/USD,crypto,2023-03-20 12:46:10,32,46.5,400
1,AAPL,stock,2023-03-21 12:46:10,69,38,400
2,AAPL,stock,2023-03-21 12:46:10,35,71.4,400
1,GOOGL,stock,2023-03-21 12:46:10,35,74.1,400
2,GOOGL,stock,2023-03-21 12:46:10,6,71.2,400
1,TSLA,stock,2023-03-21 12:46:10,28,70.9,400
2,TSLA,stock,2023-03-21 12:46:10,40,72.5,400
1,BTC/USD,crypto,2023-03-21 12:46:10,4,99.1,400
2,BTC/USD,crypto,2023-03-21 12:46:10,54,73.2,400
1,DOGE/USD,crypto,2023-03-21 12:46:10,17,41.3,400
2,DOGE/USD,crypto,2023-03-21 12:46:10,32,59,400
1,AAPL,stock,2023-03-22 12:46:10,91,98.3,400
2,AAPL,stock,2023-03-22 12:46:10,55,71.6,400
1,GOOGL,stock,2023-03-22 12:46:10,1,64.9,400
2,GOOGL,stock,2023-03-22 12:46:10,88,71.8,400
1,TSLA,stock,2023-03-22 12:46:10,94,51.8,400
2,TSLA,stock,2023-03-22 12:46:10,57,25,400
1,BTC/USD,crypto,2023-03-22 12:46:10,80,19.5,400
2,BTC/USD,crypto,2023-03-22 12:46:10,2,53.4,400
1,DOGE/USD,crypto,2023-03-22 12:46:10,12,50,400
2,DOGE/USD,crypto,2023-03-22 12:46:10,48,66.4,400
1,AAPL,stock,2023-03-23 12:46:10,92,4.1,400
2,AAPL,stock,2023-03-23 12:46:10,81,10.1,400
1,GOOGL,stock,2023-03-23 12:46:10,39,98.6,400
2,GOOGL,stock,2023-03-23 12:46:10,72,39.7,400
1,TSLA,stock,2023-03-23 12:46:10,43,73.3,400
2,TSLA,stock,2023-03-23 12:46:10,71,57.4,400
1,BTC/USD,crypto,2023-03-23 12:46:10,4,51.5,400
2,BTC/USD,crypto,2023-03-23 12:46:10,18,46.3,400
1,DOGE/USD,crypto,2023-03-23 12:46:10,38,23.9,400
2,DOGE/USD,crypto,2023-03-23 12:46:10,50,61.7,400
1,AAPL,stock,2023-03-24 12:46:10,92,16.3,400
2,AAPL,stock,2023-03-24 12:46:10,3,68.8,400
1,GOOGL,stock,2023-03-24 12:46:10,4,20.4,400
2,GOOGL,stock,2023-03-24 12:46:10,70,35.4,400
1,TSLA,stock,2023-03-24 12:46:10,75,64.2,400
2,TSLA,stock,2023-03-24 12:46:10,2,2.6,400
1,BTC/USD,crypto,2023-03-24 12:46:10,70,60.9,400
2,BTC/USD,crypto,2023-03-24 12:46:10,87,76.9,400
1,DOGE/USD,crypto,2023-03-24 12:46:10,20,10.1,400
2,DOGE/USD,crypto,2023-03-24 12:46:10,75,13.1,400
1,AAPL,stock,2023-03-25 12:46:10,34,21.8,400
2,AAPL,stock,2023-03-25 12:46:10,26,93.9,400
1,GOOGL,stock,2023-03-25 12:46:10,11,72.7,400
2,GOOGL,stock,2023-03-25 12:46:10,43,33.3,400
1,TSLA,stock,2023-03-25 12:46:10,56,52.8,400
2,TSLA,stock,2023-03-25 12:46:10,18,91.6,400
1,BTC/USD,crypto,2023-03-25 12:46:10,66,59.2,400
2,BTC/USD,crypto,2023-03-25 12:46:10,76,31.1,400
1,DOGE/USD,crypto,2023-03-25 12:46:10,58,16.1,400
2,DOGE/USD,crypto,2023-03-25 12:46:10,13,6.4,400